Workbook

Sheet Applications
A1: No. | B1: Company | C1: Position | D1: Location | E1: Job Type | F1: Source | G1: Job Link | H1: Date Applied | I1: Status | J1: Interview Date | K1: Response Date | L1: Days Since Applied | M1: Follow-up Due | N1: Contact Person | O1: Contact Email | P1: Salary (€/h) | Q1: CV Sent | R1: Cover Letter Sent | S1: Notes
A2: 1 | B2: CARIAD SE | C2: Working Student – Automotive Software Development for Parking Functions | D2: Ingolstadt | E2: Werkstudent | F2: LinkedIn | I2: To Apply | L2: =IF(H2="","",TODAY()-H2) | M2: =IF(AND(H2<>"",OR(I2="Applied",I2="No Response")),H2+14,"") | O2: careers@cariad.technology | P2: 17.8 | Q2: Yes | R2: Yes | S2: CV and cover letter tailored (parking project first). 20 h/week, min. 3 days on-site. Fluent German required.
A3: 2 | B3: Eurest Germany GmbH | C3: [Add position] | D3: Regensburg | E3: Part-time | I3: Interview Done | J3: 46295 | L3: =IF(H3="","",TODAY()-H3) | M3: =IF(AND(H3<>"",OR(I3="Applied",I3="No Response")),H3+14,"") | S3: Interview 30.09.2026, 9:00, Lilienthalstr. 5. Result promised within 1 week; no reply as of 09.10.2026. Follow-up email planned.
L4: =IF(H4="","",TODAY()-H4) | M4: =IF(AND(H4<>"",OR(I4="Applied",I4="No Response")),H4+14,"")
L5: =IF(H5="","",TODAY()-H5) | M5: =IF(AND(H5<>"",OR(I5="Applied",I5="No Response")),H5+14,"")
L6: =IF(H6="","",TODAY()-H6) | M6: =IF(AND(H6<>"",OR(I6="Applied",I6="No Response")),H6+14,"")
L7: =IF(H7="","",TODAY()-H7) | M7: =IF(AND(H7<>"",OR(I7="Applied",I7="No Response")),H7+14,"")
L8: =IF(H8="","",TODAY()-H8) | M8: =IF(AND(H8<>"",OR(I8="Applied",I8="No Response")),H8+14,"")
L9: =IF(H9="","",TODAY()-H9) | M9: =IF(AND(H9<>"",OR(I9="Applied",I9="No Response")),H9+14,"")
L10: =IF(H10="","",TODAY()-H10) | M10: =IF(AND(H10<>"",OR(I10="Applied",I10="No Response")),H10+14,"")
L11: =IF(H11="","",TODAY()-H11) | M11: =IF(AND(H11<>"",OR(I11="Applied",I11="No Response")),H11+14,"")
L12: =IF(H12="","",TODAY()-H12) | M12: =IF(AND(H12<>"",OR(I12="Applied",I12="No Response")),H12+14,"")
L13: =IF(H13="","",TODAY()-H13) | M13: =IF(AND(H13<>"",OR(I13="Applied",I13="No Response")),H13+14,"")
L14: =IF(H14="","",TODAY()-H14) | M14: =IF(AND(H14<>"",OR(I14="Applied",I14="No Response")),H14+14,"")
L15: =IF(H15="","",TODAY()-H15) | M15: =IF(AND(H15<>"",OR(I15="Applied",I15="No Response")),H15+14,"")
... L201: =IF(H201="","",TODAY()-H201) | M201: =IF(AND(H201<>"",OR(I201="Applied",I201="No Response")),H201+14,"")

Sheet Summary
A1: Job Application Summary
A3: Status | B3: Count | D3: How to use
A4: To Apply | B4: =COUNTIF(Applications!$I$2:$I$201,A4) -> 1 | D4: • Blue text = cells you fill in. Black text = automatic formulas (don't overwrite).
A5: Applied | B5: =COUNTIF(Applications!$I$2:$I$201,A5) -> 0 | D5: • Status, Job Type, Source, CV/Cover Letter Sent have drop-down lists.
A6: Interview Scheduled | B6: =COUNTIF(Applications!$I$2:$I$201,A6) -> 0 | D6: • Rows colour automatically: green = Approved / Offer, red = Rejected, yellow = interview, blue = applied.
A7: Interview Done | B7: =COUNTIF(Applications!$I$2:$I$201,A7) -> 1 | D7: • Days Since Applied and Follow-up Due (14 days after applying) fill in when you enter Date Applied.
A8: Approved / Offer | B8: =COUNTIF(Applications!$I$2:$I$201,A8) -> 0 | D8: • Follow-up Due turns red when it is today or overdue and status is still Applied / No Response.
A9: Rejected | B9: =COUNTIF(Applications!$I$2:$I$201,A9) -> 0 | D9: • Dates: enter as DD.MM.YYYY. Use the filter arrows in row 1 to sort or filter.
A10: No Response | B10: =COUNTIF(Applications!$I$2:$I$201,A10) -> 0 | D10: • Row 1 (CARIAD) shows the expected format. Fill in Date Applied once you submit.
A11: Withdrawn | B11: =COUNTIF(Applications!$I$2:$I$201,A11) -> 0
A12: Total tracked | B12: =SUM(B4:B11) -> 2
A13: Total applied (excl. To Apply) | B13: =B12-B4 -> 1
A14: Interview rate | B14: =IF(B13=0,0,(B6+B7+B8)/B13) -> 1
A15: Follow-ups due today or overdue | B15: =COUNTIFS(Applications!$M$2:$M$201,"<="&TODAY(),Applications!$M$2:$M$201,">0") -> 0
